1.How often do you shop for new clothes?,2.Where do you typically shop for clothes?,3.What influences your clothing purchases the most?,4.How would you describe your go-to daily outfit?,"5.If you had to choose, would you prefer timeless pieces or trendy items?",Fashion Identity
Quarterly,Luxury Boutiques,Quality,Formal,Timeless,Luxury
Weekly,Fast Fashion,Trends,Trendy,Mix,Trendsetter
Monthly,Department Stores,Price,Business Casual,Mix,Budget Conscious
Monthly,Department Stores,Price,Business Casual,Mix,Budget Conscious
Weekly,Fast Fashion,Trends,Trendy,Trendy,Trendsetter
Quarterly,Luxury Boutiques,Quality,Formal,Timeless,Luxury
Quarterly,Luxury Boutiques,Quality,Business Casual,Timeless,Luxury
Monthly,Department Stores,Price,Business Casual,Mix,Budget Conscious
Monthly,Department Stores,Price,Trendy,Mix,Budget Conscious
Quarterly,Department Stores,Quality,Formal,Timeless,Luxury
Weekly,Fast Fashion,Trends,Trendy,Trendy,Trendsetter
Quarterly,Department Stores,Quality,Formal,Timeless,Luxury
Quarterly,Department Stores,Quality,Formal,Timeless,Luxury
Weekly,Department Stores,Price,Business Casual,Mix,Budget Conscious
Quarterly,Luxury Boutiques,Quality,Formal,Timeless,Luxury
Quarterly,Luxury Boutiques,Quality,Formal,Timeless,Luxury
Monthly,Fast Fashion,Trends,Trendy,Trendy,Trendsetter
Quarterly,Luxury Boutiques,Quality,Formal,Timeless,Luxury
Monthly,Department Stores,Price,Business Casual,Mix,Budget Conscious
Quarterly,Department Stores,Quality,Formal,Timeless,Luxury
Weekly,Fast Fashion,Trends,Trendy,Mix,Trendsetter
Monthly,Department Stores,Price,Business Casual,Mix,Budget Conscious
Weekly,Fast Fashion,Trends,Trendy,Trendy,Trendsetter
Weekly,Fast Fashion,Trends,Trendy,Mix,Trendsetter
Monthly,Department Stores,Price,Business Casual,Mix,Budget Conscious
Quarterly,Luxury Boutiques,Quality,Formal,Timeless,Luxury
Monthly,Fast Fashion,Trends,Trendy,Trendy,Trendsetter
Weekly,Fast Fashion,Trends,Trendy,Trendy,Trendsetter
Weekly,Department Stores,Price,Business Casual,Mix,Budget Conscious
Monthly,Fast Fashion,Trends,Trendy,Trendy,Trendsetter
Monthly,Department Stores,Price,Trendy,Mix,Budget Conscious
Quarterly,Luxury Boutiques,Quality,Formal,Timeless,Luxury
Quarterly,Luxury Boutiques,Quality,Business Casual,Timeless,Luxury
Monthly,Department Stores,Price,Business Casual,Mix,Budget Conscious
Quarterly,Luxury Boutiques,Quality,Formal,Timeless,Luxury
Monthly,Department Stores,Price,Business Casual,Mix,Budget Conscious
Monthly,Department Stores,Price,Business Casual,Mix,Budget Conscious
Monthly,Department Stores,Price,Trendy,Mix,Budget Conscious
Weekly,Fast Fashion,Trends,Trendy,Trendy,Trendsetter
Monthly,Department Stores,Price,Business Casual,Mix,Budget Conscious
Monthly,Department Stores,Price,Business Casual,Mix,Budget Conscious
Quarterly,Luxury Boutiques,Quality,Business Casual,Timeless,Luxury
Monthly,Fast Fashion,Trends,Trendy,Trendy,Trendsetter
Monthly,Department Stores,Price,Business Casual,Mix,Budget Conscious
Weekly,Fast Fashion,Trends,Trendy,Trendy,Trendsetter
Monthly,Department Stores,Price,Business Casual,Mix,Budget Conscious
Monthly,Fast Fashion,Trends,Trendy,Trendy,Trendsetter
Quarterly,Luxury Boutiques,Quality,Formal,Timeless,Luxury
Monthly,Department Stores,Price,Business Casual,Mix,Budget Conscious
Weekly,Fast Fashion,Trends,Trendy,Trendy,Trendsetter
Quarterly,Department Stores,Quality,Formal,Timeless,Luxury
Monthly,Department Stores,Price,Business Casual,Mix,Budget Conscious
Weekly,Fast Fashion,Trends,Trendy,Trendy,Trendsetter
Quarterly,Department Stores,Quality,Formal,Timeless,Luxury
Weekly,Fast Fashion,Trends,Trendy,Trendy,Trendsetter
Weekly,Fast Fashion,Trends,Trendy,Trendy,Trendsetter
Monthly,Department Stores,Price,Business Casual,Mix,Budget Conscious
Monthly,Department Stores,Price,Business Casual,Mix,Budget Conscious
Quarterly,Luxury Boutiques,Quality,Formal,Timeless,Luxury
Weekly,Fast Fashion,Trends,Trendy,Trendy,Trendsetter
Weekly,Fast Fashion,Trends,Trendy,Trendy,Trendsetter
Quarterly,Department Stores,Quality,Formal,Timeless,Luxury
Weekly,Fast Fashion,Trends,Trendy,Trendy,Trendsetter
Quarterly,Department Stores,Quality,Formal,Timeless,Luxury
Quarterly,Luxury Boutiques,Quality,Formal,Timeless,Luxury
Monthly,Fast Fashion,Trends,Trendy,Trendy,Trendsetter
Quarterly,Department Stores,Quality,Formal,Timeless,Luxury
Weekly,Fast Fashion,Trends,Trendy,Mix,Trendsetter
Quarterly,Luxury Boutiques,Quality,Formal,Timeless,Luxury
Quarterly,Luxury Boutiques,Quality,Formal,Timeless,Luxury
Monthly,Department Stores,Price,Business Casual,Mix,Budget Conscious
Monthly,Department Stores,Price,Business Casual,Mix,Budget Conscious
Monthly,Fast Fashion,Trends,Trendy,Trendy,Trendsetter
Quarterly,Department Stores,Quality,Formal,Timeless,Luxury
Monthly,Department Stores,Price,Trendy,Mix,Budget Conscious
Weekly,Fast Fashion,Trends,Trendy,Trendy,Trendsetter
Weekly,Fast Fashion,Trends,Trendy,Trendy,Trendsetter
Monthly,Department Stores,Price,Business Casual,Mix,Budget Conscious
Weekly,Fast Fashion,Trends,Trendy,Mix,Trendsetter
Weekly,Fast Fashion,Trends,Trendy,Trendy,Trendsetter
Quarterly,Luxury Boutiques,Quality,Formal,Timeless,Luxury
Monthly,Department Stores,Price,Business Casual,Mix,Budget Conscious
Weekly,Fast Fashion,Trends,Trendy,Mix,Trendsetter
Monthly,Department Stores,Price,Business Casual,Mix,Budget Conscious
Weekly,Department Stores,Price,Business Casual,Mix,Budget Conscious
Monthly,Department Stores,Price,Business Casual,Mix,Budget Conscious
Monthly,Department Stores,Price,Business Casual,Mix,Budget Conscious
Monthly,Fast Fashion,Trends,Trendy,Trendy,Trendsetter
Weekly,Fast Fashion,Trends,Trendy,Mix,Trendsetter
Quarterly,Luxury Boutiques,Quality,Formal,Timeless,Luxury
Quarterly,Luxury Boutiques,Quality,Business Casual,Timeless,Luxury
Weekly,Department Stores,Price,Business Casual,Mix,Budget Conscious
Quarterly,Luxury Boutiques,Quality,Formal,Timeless,Luxury
Quarterly,Department Stores,Quality,Formal,Timeless,Luxury
Quarterly,Luxury Boutiques,Quality,Formal,Timeless,Luxury
Monthly,Fast Fashion,Trends,Trendy,Trendy,Trendsetter
Quarterly,Luxury Boutiques,Quality,Formal,Timeless,Luxury
Monthly,Department Stores,Price,Trendy,Mix,Budget Conscious
Weekly,Fast Fashion,Trends,Trendy,Trendy,Trendsetter
Quarterly,Luxury Boutiques,Quality,Business Casual,Timeless,Luxury
Quarterly,Luxury Boutiques,Quality,Formal,Timeless,Luxury
Quarterly,Luxury Boutiques,Quality,Business Casual,Timeless,Luxury
Quarterly,Luxury Boutiques,Quality,Formal,Timeless,Luxury
Quarterly,Luxury Boutiques,Quality,Business Casual,Timeless,Luxury
Weekly,Fast Fashion,Trends,Trendy,Trendy,Trendsetter
Quarterly,Luxury Boutiques,Quality,Formal,Timeless,Luxury
Monthly,Department Stores,Price,Business Casual,Mix,Budget Conscious
Quarterly,Luxury Boutiques,Quality,Formal,Timeless,Luxury
Quarterly,Department Stores,Quality,Formal,Timeless,Luxury
Monthly,Department Stores,Price,Business Casual,Mix,Budget Conscious
Monthly,Department Stores,Price,Business Casual,Mix,Budget Conscious
Weekly,Fast Fashion,Trends,Trendy,Trendy,Trendsetter
Monthly,Department Stores,Price,Business Casual,Mix,Budget Conscious
Weekly,Fast Fashion,Trends,Trendy,Trendy,Trendsetter
Weekly,Fast Fashion,Trends,Trendy,Trendy,Trendsetter
Monthly,Department Stores,Price,Business Casual,Mix,Budget Conscious
Monthly,Department Stores,Price,Business Casual,Mix,Budget Conscious
Weekly,Fast Fashion,Trends,Trendy,Trendy,Trendsetter
Quarterly,Luxury Boutiques,Quality,Formal,Timeless,Luxury
Quarterly,Department Stores,Quality,Formal,Timeless,Luxury
Monthly,Fast Fashion,Trends,Trendy,Trendy,Trendsetter
Quarterly,Luxury Boutiques,Quality,Formal,Timeless,Luxury
Quarterly,Luxury Boutiques,Quality,Formal,Timeless,Luxury
Quarterly,Department Stores,Quality,Formal,Timeless,Luxury
Monthly,Department Stores,Price,Business Casual,Mix,Budget Conscious
Weekly,Fast Fashion,Trends,Trendy,Trendy,Trendsetter
Monthly,Department Stores,Price,Business Casual,Mix,Budget Conscious
Monthly,Department Stores,Price,Business Casual,Mix,Budget Conscious
Quarterly,Luxury Boutiques,Quality,Formal,Timeless,Luxury
Weekly,Fast Fashion,Trends,Trendy,Mix,Trendsetter
Monthly,Department Stores,Price,Business Casual,Mix,Budget Conscious
Monthly,Department Stores,Price,Trendy,Mix,Budget Conscious
Quarterly,Luxury Boutiques,Quality,Business Casual,Timeless,Luxury
Monthly,Department Stores,Price,Trendy,Mix,Budget Conscious
Weekly,Fast Fashion,Trends,Trendy,Trendy,Trendsetter
Weekly,Fast Fashion,Trends,Trendy,Trendy,Trendsetter
Monthly,Department Stores,Price,Trendy,Mix,Budget Conscious
Quarterly,Luxury Boutiques,Quality,Formal,Timeless,Luxury
Quarterly,Luxury Boutiques,Quality,Business Casual,Timeless,Luxury
Quarterly,Luxury Boutiques,Quality,Formal,Timeless,Luxury
Monthly,Department Stores,Price,Business Casual,Mix,Budget Conscious
Monthly,Department Stores,Price,Business Casual,Mix,Budget Conscious
Quarterly,Department Stores,Quality,Formal,Timeless,Luxury
Weekly,Department Stores,Price,Business Casual,Mix,Budget Conscious
Quarterly,Luxury Boutiques,Quality,Formal,Timeless,Luxury
Weekly,Fast Fashion,Trends,Trendy,Mix,Trendsetter
Monthly,Department Stores,Price,Business Casual,Mix,Budget Conscious
Monthly,Department Stores,Price,Business Casual,Mix,Budget Conscious
Quarterly,Luxury Boutiques,Quality,Formal,Timeless,Luxury
Weekly,Fast Fashion,Trends,Trendy,Trendy,Trendsetter
Weekly,Fast Fashion,Trends,Trendy,Trendy,Trendsetter
Monthly,Department Stores,Price,Business Casual,Mix,Budget Conscious
Quarterly,Luxury Boutiques,Quality,Business Casual,Timeless,Luxury
Monthly,Department Stores,Price,Trendy,Mix,Budget Conscious
Weekly,Fast Fashion,Trends,Trendy,Trendy,Trendsetter
Weekly,Fast Fashion,Trends,Trendy,Trendy,Trendsetter
Quarterly,Luxury Boutiques,Quality,Formal,Timeless,Luxury
Quarterly,Luxury Boutiques,Quality,Business Casual,Timeless,Luxury
Quarterly,Luxury Boutiques,Quality,Business Casual,Timeless,Luxury
Monthly,Department Stores,Price,Business Casual,Mix,Budget Conscious
Quarterly,Luxury Boutiques,Quality,Business Casual,Timeless,Luxury
Weekly,Department Stores,Price,Business Casual,Mix,Budget Conscious
Monthly,Department Stores,Price,Trendy,Mix,Budget Conscious
Weekly,Department Stores,Price,Business Casual,Mix,Budget Conscious
Monthly,Department Stores,Price,Business Casual,Mix,Budget Conscious
Weekly,Department Stores,Price,Business Casual,Mix,Budget Conscious
Weekly,Fast Fashion,Trends,Trendy,Trendy,Trendsetter
Weekly,Fast Fashion,Trends,Trendy,Trendy,Trendsetter
Quarterly,Department Stores,Quality,Formal,Timeless,Luxury
Quarterly,Department Stores,Quality,Formal,Timeless,Luxury
Monthly,Department Stores,Price,Business Casual,Mix,Budget Conscious
Quarterly,Department Stores,Quality,Formal,Timeless,Luxury
Weekly,Fast Fashion,Trends,Trendy,Mix,Trendsetter
Monthly,Department Stores,Price,Trendy,Mix,Budget Conscious
Quarterly,Department Stores,Quality,Formal,Timeless,Luxury
Weekly,Fast Fashion,Trends,Trendy,Trendy,Trendsetter
Monthly,Department Stores,Price,Business Casual,Mix,Budget Conscious
Quarterly,Luxury Boutiques,Quality,Formal,Timeless,Luxury
Weekly,Fast Fashion,Trends,Trendy,Mix,Trendsetter
Weekly,Department Stores,Price,Business Casual,Mix,Budget Conscious
Quarterly,Luxury Boutiques,Quality,Formal,Timeless,Luxury
Weekly,Fast Fashion,Trends,Trendy,Mix,Trendsetter
Weekly,Fast Fashion,Trends,Trendy,Trendy,Trendsetter
Weekly,Fast Fashion,Trends,Trendy,Trendy,Trendsetter
Monthly,Department Stores,Price,Business Casual,Mix,Budget Conscious
Weekly,Fast Fashion,Trends,Trendy,Trendy,Trendsetter
Weekly,Fast Fashion,Trends,Trendy,Trendy,Trendsetter
Quarterly,Luxury Boutiques,Quality,Formal,Timeless,Luxury
Monthly,Department Stores,Price,Trendy,Mix,Budget Conscious
Weekly,Fast Fashion,Trends,Trendy,Trendy,Trendsetter
Weekly,Department Stores,Price,Business Casual,Mix,Budget Conscious
Monthly,Department Stores,Price,Trendy,Mix,Budget Conscious
Weekly,Fast Fashion,Trends,Trendy,Trendy,Trendsetter
Quarterly,Department Stores,Quality,Formal,Timeless,Luxury
Monthly,Fast Fashion,Trends,Trendy,Trendy,Trendsetter
Quarterly,Luxury Boutiques,Quality,Formal,Timeless,Luxury
Weekly,Fast Fashion,Trends,Trendy,Trendy,Trendsetter
Weekly,Fast Fashion,Trends,Trendy,Trendy,Trendsetter
Monthly,Department Stores,Price,Trendy,Mix,Budget Conscious
Quarterly,Luxury Boutiques,Quality,Formal,Timeless,Luxury
Weekly,Department Stores,Price,Business Casual,Mix,Budget Conscious
Weekly,Department Stores,Price,Business Casual,Mix,Budget Conscious
Quarterly,Luxury Boutiques,Quality,Formal,Timeless,Luxury
Quarterly,Luxury Boutiques,Quality,Formal,Timeless,Luxury
Quarterly,Luxury Boutiques,Quality,Business Casual,Timeless,Luxury
Quarterly,Department Stores,Quality,Formal,Timeless,Luxury
Weekly,Fast Fashion,Trends,Trendy,Mix,Trendsetter
Monthly,Department Stores,Price,Business Casual,Mix,Budget Conscious
Quarterly,Luxury Boutiques,Quality,Formal,Timeless,Luxury
Monthly,Department Stores,Price,Business Casual,Mix,Budget Conscious
Monthly,Department Stores,Price,Trendy,Mix,Budget Conscious
Monthly,Fast Fashion,Trends,Trendy,Trendy,Trendsetter
Quarterly,Luxury Boutiques,Quality,Formal,Timeless,Luxury
Monthly,Department Stores,Price,Business Casual,Mix,Budget Conscious
Weekly,Fast Fashion,Trends,Trendy,Trendy,Trendsetter
Weekly,Fast Fashion,Trends,Trendy,Trendy,Trendsetter
Monthly,Department Stores,Price,Business Casual,Mix,Budget Conscious
Monthly,Fast Fashion,Trends,Trendy,Trendy,Trendsetter
Monthly,Department Stores,Price,Business Casual,Mix,Budget Conscious
Monthly,Fast Fashion,Trends,Trendy,Trendy,Trendsetter
Monthly,Department Stores,Price,Business Casual,Mix,Budget Conscious
Weekly,Fast Fashion,Trends,Trendy,Trendy,Trendsetter
Quarterly,Department Stores,Quality,Formal,Timeless,Luxury
Monthly,Department Stores,Price,Business Casual,Mix,Budget Conscious
Monthly,Fast Fashion,Trends,Trendy,Trendy,Trendsetter
Weekly,Fast Fashion,Trends,Trendy,Trendy,Trendsetter
Monthly,Department Stores,Price,Business Casual,Mix,Budget Conscious
Monthly,Department Stores,Price,Trendy,Mix,Budget Conscious
Quarterly,Luxury Boutiques,Quality,Formal,Timeless,Luxury
Quarterly,Luxury Boutiques,Quality,Formal,Timeless,Luxury
Monthly,Department Stores,Price,Business Casual,Mix,Budget Conscious
Monthly,Fast Fashion,Trends,Trendy,Trendy,Trendsetter
Weekly,Fast Fashion,Trends,Trendy,Trendy,Trendsetter
Weekly,Fast Fashion,Trends,Trendy,Trendy,Trendsetter
Quarterly,Luxury Boutiques,Quality,Business Casual,Timeless,Luxury
Weekly,Fast Fashion,Trends,Trendy,Mix,Trendsetter
Weekly,Fast Fashion,Trends,Trendy,Trendy,Trendsetter
Weekly,Department Stores,Price,Business Casual,Mix,Budget Conscious
Weekly,Fast Fashion,Trends,Trendy,Mix,Trendsetter
Quarterly,Luxury Boutiques,Quality,Formal,Timeless,Luxury
Weekly,Fast Fashion,Trends,Trendy,Trendy,Trendsetter
Quarterly,Department Stores,Quality,Formal,Timeless,Luxury
Quarterly,Luxury Boutiques,Quality,Formal,Timeless,Luxury
Weekly,Fast Fashion,Trends,Trendy,Trendy,Trendsetter
Quarterly,Luxury Boutiques,Quality,Business Casual,Timeless,Luxury
Monthly,Department Stores,Price,Trendy,Mix,Budget Conscious
Quarterly,Luxury Boutiques,Quality,Formal,Timeless,Luxury
Quarterly,Luxury Boutiques,Quality,Business Casual,Timeless,Luxury
Weekly,Fast Fashion,Trends,Trendy,Trendy,Trendsetter
Weekly,Fast Fashion,Trends,Trendy,Trendy,Trendsetter
Monthly,Department Stores,Price,Business Casual,Mix,Budget Conscious
Weekly,Fast Fashion,Trends,Trendy,Trendy,Trendsetter
Weekly,Department Stores,Price,Business Casual,Mix,Budget Conscious
Weekly,Fast Fashion,Trends,Trendy,Trendy,Trendsetter
Monthly,Department Stores,Price,Business Casual,Mix,Budget Conscious
Weekly,Department Stores,Price,Business Casual,Mix,Budget Conscious
Quarterly,Luxury Boutiques,Quality,Formal,Timeless,Luxury
Weekly,Fast Fashion,Trends,Trendy,Trendy,Trendsetter
Quarterly,Department Stores,Quality,Formal,Timeless,Luxury
Quarterly,Luxury Boutiques,Quality,Formal,Timeless,Luxury
Weekly,Department Stores,Price,Business Casual,Mix,Budget Conscious
Monthly,Department Stores,Price,Business Casual,Mix,Budget Conscious
Monthly,Fast Fashion,Trends,Trendy,Trendy,Trendsetter
Monthly,Department Stores,Price,Business Casual,Mix,Budget Conscious
Weekly,Fast Fashion,Trends,Trendy,Trendy,Trendsetter
Quarterly,Luxury Boutiques,Quality,Business Casual,Timeless,Luxury
Weekly,Fast Fashion,Trends,Trendy,Trendy,Trendsetter
Monthly,Department Stores,Price,Business Casual,Mix,Budget Conscious
Monthly,Fast Fashion,Trends,Trendy,Trendy,Trendsetter
Monthly,Fast Fashion,Trends,Trendy,Trendy,Trendsetter
Weekly,Fast Fashion,Trends,Trendy,Trendy,Trendsetter
Monthly,Department Stores,Price,Business Casual,Mix,Budget Conscious
Quarterly,Luxury Boutiques,Quality,Business Casual,Timeless,Luxury
Quarterly,Department Stores,Quality,Formal,Timeless,Luxury
Monthly,Fast Fashion,Trends,Trendy,Trendy,Trendsetter
Quarterly,Luxury Boutiques,Quality,Formal,Timeless,Luxury
Quarterly,Luxury Boutiques,Quality,Formal,Timeless,Luxury
Weekly,Fast Fashion,Trends,Trendy,Trendy,Trendsetter
Quarterly,Luxury Boutiques,Quality,Formal,Timeless,Luxury
Weekly,Fast Fashion,Trends,Trendy,Mix,Trendsetter
Weekly,Fast Fashion,Trends,Trendy,Trendy,Trendsetter
Quarterly,Luxury Boutiques,Quality,Business Casual,Timeless,Luxury
Quarterly,Luxury Boutiques,Quality,Business Casual,Timeless,Luxury
Weekly,Fast Fashion,Trends,Trendy,Trendy,Trendsetter
Quarterly,Luxury Boutiques,Quality,Formal,Timeless,Luxury
Weekly,Fast Fashion,Trends,Trendy,Trendy,Trendsetter
Monthly,Department Stores,Price,Trendy,Mix,Budget Conscious
Monthly,Department Stores,Price,Business Casual,Mix,Budget Conscious
Monthly,Department Stores,Price,Business Casual,Mix,Budget Conscious
Weekly,Department Stores,Price,Business Casual,Mix,Budget Conscious
Weekly,Fast Fashion,Trends,Trendy,Trendy,Trendsetter
Quarterly,Luxury Boutiques,Quality,Formal,Timeless,Luxury
Monthly,Department Stores,Price,Business Casual,Mix,Budget Conscious
Weekly,Fast Fashion,Trends,Trendy,Trendy,Trendsetter
Quarterly,Luxury Boutiques,Quality,Formal,Timeless,Luxury
Quarterly,Department Stores,Quality,Formal,Timeless,Luxury
Weekly,Department Stores,Price,Business Casual,Mix,Budget Conscious
Monthly,Department Stores,Price,Business Casual,Mix,Budget Conscious
Weekly,Fast Fashion,Trends,Trendy,Trendy,Trendsetter
Weekly,Department Stores,Price,Business Casual,Mix,Budget Conscious
